

insert into MENU (menu_id, menu_group, menu_name,menu_desc,url,LANGUAGE_CD, display_order) values('ENT_APPS', 'ROOT' ,'Enterprise Applications','Enterprise Applications','', 'en',0);

/* Self Service MENU options */
insert into MENU (menu_id, menu_group, menu_name,menu_desc,url,LANGUAGE_CD, display_order) values('SELFSERVICE', 'ROOT' ,'SELF SERVICE','SELF SERVICE','', 'en',0);

insert into MENU (menu_id, menu_group, menu_name,menu_desc,url,LANGUAGE_CD, display_order, PUBLIC_URL) values('ACCESSCENTER','SELFSERVICE', 'Access Management Center', 'Access Management Center', null, 'en', '1',0);
insert into MENU (menu_id, menu_group, menu_name,menu_desc,url,LANGUAGE_CD, display_order, PUBLIC_URL) values('NEWHIRE','ACCESSCENTER','New Hire', 'New Hire', 'newHire.selfserve','en', '1' ,0);
insert into MENU (menu_id, menu_group, menu_name,menu_desc,url,LANGUAGE_CD, display_order, PUBLIC_URL) values('MANAGEREQ', 'ACCESSCENTER' , 'Manage Requests','Manage Requests','requestList.selfserve', 'en','2',0);
insert into MENU (menu_id, menu_group, menu_name,menu_desc,url,LANGUAGE_CD, display_order, PUBLIC_URL) values('CREATEREQ','ACCESSCENTER','Create Request', 'Create Request', 'createRequest.selfserve', 'en', '3',0);

insert into MENU (menu_id, menu_group, menu_name,menu_desc,url,LANGUAGE_CD, display_order, PUBLIC_URL) values('SELFCENTER','SELFSERVICE','Self Service Center', 'Self Service Center', null, 'en', '2',0);

insert into MENU (menu_id, menu_group, menu_name,menu_desc,url,LANGUAGE_CD, display_order, PUBLIC_URL) values('DIRECTORY','SELFCENTER','Directory Lookup', 'Directory Lookup', 'pub/directory.do?method=view', 'en', '1',1);
insert into MENU (menu_id, menu_group, menu_name,menu_desc,url,LANGUAGE_CD, display_order, PUBLIC_URL) values('SELF_REGISTER','SELFCENTER','Self Registration', 'Self Registration', 'pub/selfRegister.selfserve', 'en', '2',1);
insert into MENU (menu_id, menu_group, menu_name,menu_desc,url,LANGUAGE_CD, display_order, PUBLIC_URL) values('CHNGPSWD','SELFCENTER', 'Change Password', 'Change Password', 'passwordChange.selfserve', 'en', '3',0);
insert into MENU (menu_id, menu_group, menu_name,menu_desc,url,LANGUAGE_CD, display_order, PUBLIC_URL) values('IDQUEST','SELFCENTER', 'Challenge Response', 'Challenge Response', 'identityQuestion.selfserve', 'en', '4',0);
insert into MENU (menu_id, menu_group, menu_name,menu_desc,url,LANGUAGE_CD, display_order, PUBLIC_URL) values('FORGOTPSWD','SELFCENTER', 'Forgot Password', 'Forgot Password', 'pub/unlockUser.selfserve', 'en', '5',1);
insert into MENU (menu_id, menu_group, menu_name,menu_desc,url,LANGUAGE_CD, display_order, PUBLIC_URL) values('PROFILE','SELFCENTER', 'Edit Your Profile', 'Edit Your Profile', 'profile.selfserve', 'en', '6',0);
insert into MENU (menu_id, menu_group, menu_name,menu_desc,url,LANGUAGE_CD, display_order, PUBLIC_URL) values('OUTOFOFFICE','SELFCENTER', 'Out of Office', 'Out of Office', 'outofoffice.selfserve', 'en', '7',0);

insert into MENU (menu_id, menu_group, menu_name,menu_desc,url,LANGUAGE_CD, display_order, PUBLIC_URL) values('REPORTINC','SELFCENTER', 'Report Security Incident', 'Report Security Incident', 'pub/reportIncident.selfserve', 'en', '8',1);
insert into MENU (menu_id, menu_group, menu_name,menu_desc,url,LANGUAGE_CD, display_order, PUBLIC_URL) values('CONTADMIN','SELFCENTER', 'Contact Admin', 'Contact Admin', 'pub/contactAdmin.selfserve', 'en', '9',1);

insert into MENU (menu_id, menu_group, menu_name,menu_desc,url,LANGUAGE_CD, DISPLAY_ORDER) values('BATCH_PROC','ADMIN','Batch Processes','Batch Processes','batchList.cnt', 'en',6);
INSERT INTO PERMISSIONS(MENU_ID,ROLE_ID, SERVICE_ID) VALUES('BATCH_PROC','SUPER_SEC_ADMIN','IDM');

/* Reports */
insert into MENU (menu_id, menu_group, menu_name,menu_desc,url,LANGUAGE_CD, DISPLAY_ORDER) values('PASSWORDREPORT','REPORT','Password Reports','Password Reports','', 'en',3);



INSERT INTO PERMISSIONS(MENU_ID,ROLE_ID, SERVICE_ID) VALUES('SELFSERVICE','END_USER','USR_SEC_DOMAIN');
INSERT INTO PERMISSIONS(MENU_ID,ROLE_ID, SERVICE_ID) VALUES('ACCESSCENTER','END_USER','USR_SEC_DOMAIN');
INSERT INTO PERMISSIONS(MENU_ID,ROLE_ID, SERVICE_ID) VALUES('NEWHIRE','END_USER','USR_SEC_DOMAIN');
INSERT INTO PERMISSIONS(MENU_ID,ROLE_ID, SERVICE_ID) VALUES('SELF_REGISTER','END_USER','USR_SEC_DOMAIN');
INSERT INTO PERMISSIONS(MENU_ID,ROLE_ID, SERVICE_ID) VALUES('MANAGEREQ','END_USER','USR_SEC_DOMAIN');
INSERT INTO PERMISSIONS(MENU_ID,ROLE_ID, SERVICE_ID) VALUES('SELFCENTER','END_USER','USR_SEC_DOMAIN');
INSERT INTO PERMISSIONS(MENU_ID,ROLE_ID, SERVICE_ID) VALUES('DIRECTORY','END_USER','USR_SEC_DOMAIN');
INSERT INTO PERMISSIONS(MENU_ID,ROLE_ID, SERVICE_ID) VALUES('CHNGPSWD','END_USER','USR_SEC_DOMAIN');
INSERT INTO PERMISSIONS(MENU_ID,ROLE_ID, SERVICE_ID) VALUES('IDQUEST','END_USER','USR_SEC_DOMAIN');
INSERT INTO PERMISSIONS(MENU_ID,ROLE_ID, SERVICE_ID) VALUES('FORGOTPSWD','END_USER','USR_SEC_DOMAIN');
INSERT INTO PERMISSIONS(MENU_ID,ROLE_ID, SERVICE_ID) VALUES('PROFILE','END_USER','USR_SEC_DOMAIN');
INSERT INTO PERMISSIONS(MENU_ID,ROLE_ID, SERVICE_ID) VALUES('REPORTINC','END_USER','USR_SEC_DOMAIN');
INSERT INTO PERMISSIONS(MENU_ID,ROLE_ID, SERVICE_ID) VALUES('CONTADMIN','END_USER','USR_SEC_DOMAIN');
INSERT INTO PERMISSIONS(MENU_ID,ROLE_ID, SERVICE_ID) VALUES('CREATEREQ','END_USER','USR_SEC_DOMAIN');
INSERT INTO PERMISSIONS(MENU_ID,ROLE_ID, SERVICE_ID) VALUES('OUTOFOFFICE','END_USER','USR_SEC_DOMAIN');

INSERT INTO PERMISSIONS(MENU_ID,ROLE_ID, SERVICE_ID) VALUES('SELFSERVICE','HR','USR_SEC_DOMAIN');
INSERT INTO PERMISSIONS(MENU_ID,ROLE_ID, SERVICE_ID) VALUES('ACCESSCENTER','HR','USR_SEC_DOMAIN');
INSERT INTO PERMISSIONS(MENU_ID,ROLE_ID, SERVICE_ID) VALUES('NEWHIRE','HR','USR_SEC_DOMAIN');
INSERT INTO PERMISSIONS(MENU_ID,ROLE_ID, SERVICE_ID) VALUES('MANAGEREQ','HR','USR_SEC_DOMAIN');
INSERT INTO PERMISSIONS(MENU_ID,ROLE_ID, SERVICE_ID) VALUES('SELFCENTER','HR','USR_SEC_DOMAIN');
INSERT INTO PERMISSIONS(MENU_ID,ROLE_ID, SERVICE_ID) VALUES('DIRECTORY','HR','USR_SEC_DOMAIN');
INSERT INTO PERMISSIONS(MENU_ID,ROLE_ID, SERVICE_ID) VALUES('CHNGPSWD','HR','USR_SEC_DOMAIN');
INSERT INTO PERMISSIONS(MENU_ID,ROLE_ID, SERVICE_ID) VALUES('IDQUEST','HR','USR_SEC_DOMAIN');
INSERT INTO PERMISSIONS(MENU_ID,ROLE_ID, SERVICE_ID) VALUES('FORGOTPSWD','HR','USR_SEC_DOMAIN');
INSERT INTO PERMISSIONS(MENU_ID,ROLE_ID, SERVICE_ID) VALUES('PROFILE','HR','USR_SEC_DOMAIN');
INSERT INTO PERMISSIONS(MENU_ID,ROLE_ID, SERVICE_ID) VALUES('REPORTINC','HR','USR_SEC_DOMAIN');
INSERT INTO PERMISSIONS(MENU_ID,ROLE_ID, SERVICE_ID) VALUES('CONTADMIN','HR','USR_SEC_DOMAIN');
INSERT INTO PERMISSIONS(MENU_ID,ROLE_ID, SERVICE_ID) VALUES('CREATEREQ','HR','USR_SEC_DOMAIN');


INSERT INTO PERMISSIONS(MENU_ID,ROLE_ID, SERVICE_ID) VALUES('SELFSERVICE','MANAGER','USR_SEC_DOMAIN');
INSERT INTO PERMISSIONS(MENU_ID,ROLE_ID, SERVICE_ID) VALUES('ACCESSCENTER','MANAGER','USR_SEC_DOMAIN');
INSERT INTO PERMISSIONS(MENU_ID,ROLE_ID, SERVICE_ID) VALUES('MANAGEREQ','MANAGER','USR_SEC_DOMAIN');
INSERT INTO PERMISSIONS(MENU_ID,ROLE_ID, SERVICE_ID) VALUES('SELFCENTER','MANAGER','USR_SEC_DOMAIN');
INSERT INTO PERMISSIONS(MENU_ID,ROLE_ID, SERVICE_ID) VALUES('DIRECTORY','MANAGER','USR_SEC_DOMAIN');
INSERT INTO PERMISSIONS(MENU_ID,ROLE_ID, SERVICE_ID) VALUES('CHNGPSWD','MANAGER','USR_SEC_DOMAIN');
INSERT INTO PERMISSIONS(MENU_ID,ROLE_ID, SERVICE_ID) VALUES('IDQUEST','MANAGER','USR_SEC_DOMAIN');
INSERT INTO PERMISSIONS(MENU_ID,ROLE_ID, SERVICE_ID) VALUES('FORGOTPSWD','MANAGER','USR_SEC_DOMAIN');
INSERT INTO PERMISSIONS(MENU_ID,ROLE_ID, SERVICE_ID) VALUES('PROFILE','MANAGER','USR_SEC_DOMAIN');
INSERT INTO PERMISSIONS(MENU_ID,ROLE_ID, SERVICE_ID) VALUES('REPORTINC','MANAGER','USR_SEC_DOMAIN');
INSERT INTO PERMISSIONS(MENU_ID,ROLE_ID, SERVICE_ID) VALUES('CONTADMIN','MANAGER','USR_SEC_DOMAIN');
INSERT INTO PERMISSIONS(MENU_ID,ROLE_ID, SERVICE_ID) VALUES('CREATEREQ','MANAGER','USR_SEC_DOMAIN');

INSERT INTO PERMISSIONS(MENU_ID,ROLE_ID, SERVICE_ID) VALUES('SELFSERVICE','SECURITY_MANAGER','USR_SEC_DOMAIN');
INSERT INTO PERMISSIONS(MENU_ID,ROLE_ID, SERVICE_ID) VALUES('ACCESSCENTER','SECURITY_MANAGER','USR_SEC_DOMAIN');
INSERT INTO PERMISSIONS(MENU_ID,ROLE_ID, SERVICE_ID) VALUES('MANAGEREQ','SECURITY_MANAGER','USR_SEC_DOMAIN');
INSERT INTO PERMISSIONS(MENU_ID,ROLE_ID, SERVICE_ID) VALUES('SELFCENTER','SECURITY_MANAGER','USR_SEC_DOMAIN');
INSERT INTO PERMISSIONS(MENU_ID,ROLE_ID, SERVICE_ID) VALUES('DIRECTORY','SECURITY_MANAGER','USR_SEC_DOMAIN');
INSERT INTO PERMISSIONS(MENU_ID,ROLE_ID, SERVICE_ID) VALUES('CHNGPSWD','SECURITY_MANAGER','USR_SEC_DOMAIN');
INSERT INTO PERMISSIONS(MENU_ID,ROLE_ID, SERVICE_ID) VALUES('IDQUEST','SECURITY_MANAGER','USR_SEC_DOMAIN');
INSERT INTO PERMISSIONS(MENU_ID,ROLE_ID, SERVICE_ID) VALUES('FORGOTPSWD','SECURITY_MANAGER','USR_SEC_DOMAIN');
INSERT INTO PERMISSIONS(MENU_ID,ROLE_ID, SERVICE_ID) VALUES('PROFILE','SECURITY_MANAGER','USR_SEC_DOMAIN');
INSERT INTO PERMISSIONS(MENU_ID,ROLE_ID, SERVICE_ID) VALUES('REPORTINC','SECURITY_MANAGER','USR_SEC_DOMAIN');
INSERT INTO PERMISSIONS(MENU_ID,ROLE_ID, SERVICE_ID) VALUES('CONTADMIN','SECURITY_MANAGER','USR_SEC_DOMAIN');
INSERT INTO PERMISSIONS(MENU_ID,ROLE_ID, SERVICE_ID) VALUES('CREATEREQ','SECURITY_MANAGER','USR_SEC_DOMAIN');

/* Batch Tasks */
insert into BATCH_CONFIG(TASK_ID, TASK_NAME, FREQUENCY_UNIT_OF_MEASURE, ENABLED, TASK_URL, EXECUTION_ORDER) VALUES('100','ACCOUNT_LOCKED_NOTIFICATION', 'MINUTE','0','batch/accountLockedNotify.groovy','1');
insert into BATCH_CONFIG(TASK_ID, TASK_NAME, FREQUENCY_UNIT_OF_MEASURE, ENABLED, TASK_URL, EXECUTION_ORDER) VALUES('101','INACTIVE_USER', 'NIGHTLY','0','batch/inactiveUser.groovy','1');
insert into BATCH_CONFIG(TASK_ID, TASK_NAME, FREQUENCY_UNIT_OF_MEASURE, ENABLED, TASK_URL, EXECUTION_ORDER) VALUES('102','PASSWORD_NEAR_EXP', 'NIGHTLY','0','batch/passwordExpirationNotification.groovy','1');
insert into BATCH_CONFIG(TASK_ID, TASK_NAME, FREQUENCY_UNIT_OF_MEASURE, ENABLED, TASK_URL, EXECUTION_ORDER) VALUES('103','ACCOUNT_TERMINATED', 'NIGHTLY','0','batch/terminateOnExpiration.groovy','1');

/* SOURCE CONNECTOR CONFIGURATION */
insert into PROVISION_CONNECTOR(CONNECTOR_ID, NAME, METADATA_TYPE_ID, SERVICE_URL,SERVICE_NAMESPACE, SERVICE_PORT) VALUES ('54','LDAP SYNC CONNECTOR', 'LDAP_Connector','http://localhost:8080/sync-ldap-connector/SyncFromLdapService','http://www.openiam.org/service/sync', 'SyncFromLdapServicePort' );
INSERT INTO MANAGED_SYS (MANAGED_SYS_ID, NAME, DESCRIPTION, STATUS, CONNECTOR_ID, DOMAIN_ID, HOST_URL, PORT, COMM_PROTOCOL, RESOURCE_ID) VALUES('104','SYNC_FROM_LDAP', 'Sync from LDAP', 'ACTIVE', '54', 'USR_SEC_DOMAIN', 'ldap://96.56.80.245','389', 'CLEAR', '104'   );
insert into MNG_SYS_OBJECT_MATCH(OBJECT_SEARCH_ID, MANAGED_SYS_ID, OBJECT_TYPE, MATCH_METHOD, SEARCH_FILTER, BASE_DN, SEARCH_BASE_DN ,KEY_FIELD) VALUES('104', '104', 'USER', 'BASE_DN', null ,'ou=people,dc=openiam,dc=org','dc=openiam,dc=org','uid');
insert into RES (RESOURCE_ID, RESOURCE_TYPE_ID,NAME, DISPLAY_ORDER, MANAGED_SYS_ID ) VALUES ('104', 'MANAGED_SYS', 'LDAP', 3, '104');
insert into BATCH_CONFIG(TASK_ID, TASK_NAME, FREQUENCY_UNIT_OF_MEASURE, ENABLED, TASK_URL, EXECUTION_ORDER) VALUES('105','SYNC_FROM_LDAP', '5MIN','1','sync/syncfromldap.groovy','1');

